step,thrust,turn,x,y,theta
0,0.049623,-0.000573,80.000,200.000,0.000000
1,0.096418,-0.003082,80.050,200.000,-0.000069
2,0.141732,-0.004078,80.146,200.000,-0.000439
3,0.184942,-0.009585,80.288,200.000,-0.000928
4,0.225352,-0.011305,80.473,199.999,-0.002078
5,0.265006,-0.021405,80.698,199.999,-0.003435
6,0.300778,-0.023188,80.963,199.997,-0.006003
7,0.337318,-0.024691,81.264,199.994,-0.008786
8,0.370213,-0.020710,81.601,199.990,-0.011749
9,0.401219,-0.028093,81.971,199.985,-0.014234
10,0.431287,-0.026479,82.372,199.978,-0.017605
11,0.459869,-0.034328,82.804,199.969,-0.020783
12,0.485988,-0.026941,83.263,199.958,-0.024902
13,0.512206,-0.038502,83.749,199.944,-0.028135
14,0.536965,-0.006179,84.261,199.927,-0.032755
15,0.559238,0.035321,84.798,199.909,-0.033497
16,0.581299,0.032889,85.357,199.893,-0.029258
17,0.602543,-0.015700,85.938,199.878,-0.025311
18,0.622945,-0.021490,86.540,199.862,-0.027195
19,0.641475,-0.063863,87.163,199.843,-0.029774
20,0.659689,-0.069552,87.804,199.819,-0.037438
21,0.676325,-0.067471,88.463,199.789,-0.045784
22,0.692964,-0.060669,89.138,199.753,-0.053881
23,0.708862,-0.104917,89.830,199.710,-0.061161
24,0.722587,-0.100955,90.537,199.658,-0.073751
25,0.736104,-0.148753,91.257,199.596,-0.085866
26,0.749566,-0.152811,91.989,199.520,-0.103716
27,0.762965,-0.114634,92.733,199.429,-0.122053
28,0.774698,-0.071497,93.489,199.325,-0.135809
29,0.785984,0.012601,94.255,199.214,-0.144389
30,0.797020,0.014279,95.033,199.102,-0.142877
31,0.807316,0.008425,95.823,198.990,-0.141163
32,0.816084,0.009267,96.622,198.877,-0.140152
33,0.824989,-0.076492,97.430,198.764,-0.139040
34,0.832696,-0.076727,98.246,198.642,-0.148219
35,0.837913,0.080999,99.068,198.512,-0.157426
36,0.845905,0.076624,99.897,198.388,-0.147707
37,0.851412,0.099389,100.735,198.271,-0.138512
38,0.856367,0.135525,101.580,198.164,-0.126585
39,0.860890,0.160398,102.431,198.070,-0.110322
40,0.865679,0.156106,103.288,197.991,-0.091074
41,0.867366,0.139152,104.152,197.929,-0.072341
42,0.866093,0.171310,105.018,197.881,-0.055643
43,0.860317,0.155199,105.883,197.850,-0.035086
44,0.862514,0.141833,106.743,197.836,-0.016462
45,0.850314,0.086635,107.606,197.837,0.000558
46,0.842542,0.110707,108.456,197.846,0.010954
47,0.832747,0.096199,109.298,197.866,0.024239
48,0.819306,0.089910,110.131,197.896,0.035783
49,0.809935,0.077148,110.949,197.934,0.046572
50,0.796368,0.068359,111.758,197.979,0.055830
51,0.780371,0.098893,112.552,198.030,0.064033
52,0.770855,0.091034,113.331,198.090,0.075900
53,0.758145,-0.001367,114.099,198.156,0.086824
54,0.732430,-0.041920,114.854,198.222,0.086660
55,0.714643,0.009133,115.584,198.282,0.081629
56,0.681264,-0.016934,116.296,198.341,0.082726
57,0.652678,-0.112950,116.975,198.396,0.080693
58,0.634494,-0.123528,117.626,198.439,0.067139
59,0.622248,-0.127182,118.260,198.473,0.052316
60,0.614322,-0.160237,118.882,198.496,0.037054
61,0.605297,-0.160768,119.496,198.507,0.017826
62,0.604082,-0.158795,120.101,198.506,-0.001466
63,0.610338,-0.155786,120.705,198.493,-0.020522
64,0.613199,-0.146435,121.315,198.469,-0.039216
65,0.609807,-0.150680,121.927,198.435,-0.056788
66,0.610345,-0.131011,122.535,198.389,-0.074870
67,0.606951,-0.207975,123.143,198.334,-0.090591
68,0.609762,-0.205219,123.746,198.264,-0.115548
69,0.615834,-0.121918,124.350,198.179,-0.140174
70,0.615625,-0.105050,124.958,198.084,-0.154805
71,0.614651,-0.071376,125.565,197.981,-0.167411
72,0.622199,-0.072955,126.171,197.873,-0.175976
73,0.621326,-0.029169,126.782,197.759,-0.184730
74,0.624674,-0.024884,127.393,197.643,-0.188231
75,0.628280,-0.033750,128.006,197.524,-0.191217
76,0.637562,0.009008,128.622,197.402,-0.195267
77,0.647404,-0.027704,129.248,197.279,-0.194186
78,0.650377,-0.031801,129.883,197.152,-0.197510
79,0.656486,0.013915,130.520,197.022,-0.201326
80,0.657940,0.094858,131.163,196.892,-0.199657
81,0.667168,0.093091,131.810,196.769,-0.188274
82,0.677111,0.090957,132.466,196.651,-0.177103
83,0.680128,0.048417,133.134,196.539,-0.166188
84,0.683941,-0.005479,133.805,196.431,-0.160378
85,0.688860,0.034880,134.481,196.321,-0.161035
86,0.692356,-0.001780,135.161,196.213,-0.156850
87,0.694237,0.037019,135.845,196.105,-0.157063
88,0.700347,0.151513,136.531,196.000,-0.152621
89,0.704485,0.143283,137.225,195.906,-0.134439
90,0.708124,0.181668,137.925,195.823,-0.117245
91,0.710264,0.089929,138.630,195.756,-0.095445
92,0.712523,0.038970,139.337,195.696,-0.084654
93,0.717689,0.038502,140.048,195.639,-0.079977
94,0.713124,-0.039063,140.763,195.585,-0.075357
95,0.707909,-0.139463,141.474,195.528,-0.080045
96,0.709548,-0.071268,142.179,195.459,-0.096780
97,0.711494,-0.065860,142.884,195.385,-0.105332
98,0.719183,-0.071348,143.591,195.304,-0.113235
99,0.725553,0.001107,144.305,195.217,-0.121797
100,0.724365,0.047101,145.025,195.129,-0.121664
101,0.725246,-0.005764,145.745,195.045,-0.116012
102,0.727494,-0.051782,146.465,194.961,-0.116704
103,0.729031,-0.022431,147.187,194.871,-0.122918
104,0.728824,-0.031272,147.910,194.780,-0.125610
105,0.727520,-0.024777,148.633,194.686,-0.129362
106,0.731234,0.007168,149.354,194.590,-0.132335
107,0.731882,0.036199,150.079,194.494,-0.131475
108,0.734569,0.032247,150.805,194.401,-0.127131
109,0.738879,-0.010254,151.534,194.311,-0.123262
110,0.735944,-0.058367,152.267,194.219,-0.124492
111,0.726298,-0.059020,152.997,194.123,-0.131496
112,0.731854,-0.063887,153.716,194.023,-0.138579
113,0.726398,0.054496,154.440,193.916,-0.146245
114,0.722380,0.014940,155.160,193.815,-0.139706
115,0.717461,0.044523,155.875,193.715,-0.137913
116,0.708037,0.060075,156.586,193.621,-0.132570
117,0.695530,0.057290,157.289,193.532,-0.125361
118,0.696488,-0.024403,157.979,193.450,-0.118486
119,0.695470,-0.024774,158.671,193.365,-0.121415
120,0.692577,-0.024432,159.361,193.279,-0.124387
121,0.691416,0.054264,160.048,193.191,-0.127319
122,0.693332,-0.021463,160.734,193.108,-0.120808
123,0.690660,0.001123,161.422,193.023,-0.123383
124,0.693102,-0.004686,162.108,192.938,-0.123249
125,0.695015,-0.043905,162.795,192.852,-0.123811
126,0.693601,-0.085467,163.485,192.763,-0.129079
127,0.689725,-0.054309,164.172,192.666,-0.139335
128,0.690728,-0.135298,164.854,192.566,-0.145853
129,0.689023,-0.139559,165.536,192.455,-0.162088
130,0.687557,-0.175507,166.214,192.332,-0.178835
131,0.680034,-0.185011,166.888,192.196,-0.199896
132,0.677469,-0.169021,167.551,192.046,-0.222098
133,0.671189,-0.161457,168.209,191.883,-0.242380
134,0.669388,-0.115703,168.857,191.709,-0.261755
135,0.671978,-0.075322,169.501,191.527,-0.275639
136,0.677361,-0.024238,170.146,191.339,-0.284678
137,0.675658,-0.059732,170.795,191.146,-0.287587
138,0.675409,0.045711,171.442,190.950,-0.294754
139,0.677079,0.037943,172.089,190.757,-0.289269
140,0.679434,0.077329,172.739,190.567,-0.284716
141,0.681410,0.085869,173.393,190.382,-0.275437
142,0.679401,0.078960,174.051,190.204,-0.265132
143,0.684314,-0.057791,174.708,190.032,-0.255657
144,0.691262,-0.012123,175.369,189.854,-0.262592
145,0.691251,-0.004038,176.036,189.674,-0.264047
146,0.687410,-0.002994,176.703,189.493,-0.264531
147,0.686553,0.015107,177.367,189.313,-0.264891
148,0.687351,-0.033938,178.030,189.135,-0.263078
149,0.686606,0.004408,178.693,188.953,-0.267150
150,0.690348,-0.002099,179.355,188.772,-0.266621
151,0.693238,0.121434,180.021,188.590,-0.266873
152,0.694064,0.162067,180.692,188.417,-0.252301
153,0.697165,0.187655,181.367,188.257,-0.232853
154,0.698733,0.138080,182.049,188.112,-0.210334
155,0.707750,0.093404,182.735,187.977,-0.193765
156,0.710408,0.031637,183.431,187.849,-0.182556
157,0.707119,0.049888,184.130,187.722,-0.178760
158,0.705203,0.038248,184.827,187.601,-0.172774
159,0.708892,0.026743,185.522,187.483,-0.168184
160,0.708945,0.026136,186.221,187.366,-0.164975
161,0.702565,0.013134,186.921,187.252,-0.161838
162,0.703590,0.089551,187.614,187.140,-0.160262
163,0.702290,-0.026903,188.310,187.035,-0.149516
164,0.701381,-0.074425,189.004,186.928,-0.152744
165,0.694635,-0.118015,189.696,186.815,-0.161675
166,0.696567,-0.109868,190.380,186.694,-0.175837
167,0.700588,-0.150259,191.065,186.563,-0.189021
168,0.700110,-0.157943,191.750,186.419,-0.207052
169,0.704132,-0.196144,192.432,186.262,-0.226006
170,0.702419,-0.192460,193.115,186.088,-0.249543
171,0.696647,-0.142593,193.791,185.899,-0.272638
172,0.700260,-0.136980,194.459,185.700,-0.289749
173,0.700716,-0.083469,195.127,185.489,-0.306187
174,0.707772,-0.073703,195.793,185.271,-0.316203
175,0.704790,0.010957,196.463,185.045,-0.325047
176,0.700044,0.015003,197.131,184.821,-0.323733
177,0.699284,-0.031440,197.795,184.599,-0.321932
178,0.701937,-0.027231,198.458,184.376,-0.325705
179,0.700328,-0.000871,199.122,184.149,-0.328973
180,0.693448,-0.009215,199.785,183.922,-0.329077
181,0.694477,-0.091179,200.441,183.698,-0.330183
182,0.699138,-0.137101,201.096,183.465,-0.341125
183,0.696323,-0.100478,201.750,183.221,-0.357577
184,0.692106,-0.136654,202.400,182.969,-0.369634
185,0.684773,-0.090900,203.041,182.708,-0.386033
186,0.690185,-0.085866,203.672,182.444,-0.396941
187,0.695070,-0.002561,204.306,182.170,-0.407245
188,0.691399,0.039570,204.944,181.895,-0.407552
189,0.681345,0.124597,205.580,181.624,-0.402803
190,0.680460,0.122186,206.211,181.366,-0.387852
191,0.677557,0.109677,206.845,181.118,-0.373189
192,0.679060,0.108703,207.479,180.879,-0.360028
193,0.683655,0.101347,208.117,180.648,-0.346984
194,0.684601,-0.030208,208.763,180.424,-0.334822
195,0.688679,-0.044289,209.409,180.196,-0.338447
196,0.691062,-0.006565,210.057,179.964,-0.343762
197,0.691670,-0.125337,210.708,179.731,-0.344550
198,0.696958,-0.126316,211.355,179.488,-0.359590
199,0.700904,-0.088242,212.004,179.232,-0.374748
200,0.702709,-0.044695,212.653,178.969,-0.385337
201,0.701155,-0.088576,213.303,178.701,-0.390700
202,0.700814,-0.048930,213.948,178.427,-0.401329
203,0.701456,-0.042602,214.592,178.150,-0.407201
204,0.706136,0.031205,215.235,177.869,-0.412313
205,0.708283,0.022693,215.883,177.588,-0.408569
206,0.702231,0.062068,216.533,177.309,-0.405846
207,0.698343,0.018267,217.181,177.036,-0.398397
208,0.703397,0.013805,217.825,176.767,-0.396205
209,0.705815,-0.038772,218.474,176.496,-0.394549
210,0.710716,-0.003497,219.125,176.222,-0.399201
211,0.713246,0.048940,219.779,175.945,-0.399621
212,0.711558,0.091341,220.438,175.672,-0.393748
213,0.706012,0.046164,221.098,175.406,-0.382787
214,0.697970,0.029315,221.754,175.146,-0.377248
215,0.698715,-0.018622,222.404,174.891,-0.373730
216,0.693861,-0.071068,223.054,174.635,-0.375965
217,0.694018,-0.045996,223.697,174.374,-0.384493
218,0.699526,-0.076355,224.339,174.110,-0.390012
219,0.703249,-0.087265,224.984,173.839,-0.399175
220,0.700257,-0.046388,225.629,173.559,-0.409647
221,0.702224,-0.131436,226.270,173.276,-0.415213
222,0.708498,-0.101968,226.908,172.983,-0.430985
223,0.705132,0.021936,227.548,172.679,-0.443222
224,0.700940,-0.022650,228.185,172.378,-0.440589
225,0.700795,-0.107276,228.819,172.077,-0.443307
226,0.698660,-0.134979,229.448,171.769,-0.456180
227,0.704132,-0.184073,230.070,171.451,-0.472378
228,0.708631,-0.187261,230.690,171.117,-0.494466
229,0.710456,-0.184232,231.306,170.766,-0.516938
230,0.699638,-0.171193,231.915,170.402,-0.539046
231,0.703301,-0.168740,232.508,170.030,-0.559589
232,0.700494,-0.155705,233.097,169.645,-0.579838
233,0.699731,-0.157677,233.675,169.250,-0.598522
234,0.697290,-0.099272,234.246,168.845,-0.617443
235,0.699827,-0.058295,234.810,168.435,-0.629356
236,0.703679,-0.059481,235.372,168.019,-0.636352
237,0.695828,-0.097077,235.935,167.597,-0.643489
238,0.693712,-0.121213,236.487,167.173,-0.655138
239,0.693676,-0.077308,237.031,166.742,-0.669684
240,0.687465,-0.002208,237.571,166.307,-0.678961
241,0.687273,0.001864,238.106,165.875,-0.679226
242,0.688678,-0.002862,238.641,165.443,-0.679002
243,0.687513,-0.013627,239.176,165.010,-0.679346
244,0.684738,0.018628,239.711,164.578,-0.680981
245,0.687369,0.050539,240.244,164.148,-0.678746
246,0.686632,0.055378,240.781,163.719,-0.672681
247,0.684894,0.009449,241.321,163.295,-0.666036
248,0.689700,0.079192,241.860,162.873,-0.664902
249,0.689188,0.035961,242.407,162.452,-0.655399
250,0.686374,0.029902,242.955,162.035,-0.651083
251,0.686236,0.052418,243.502,161.621,-0.647495
252,0.686210,0.088414,244.052,161.210,-0.641205
253,0.684056,0.075001,244.607,160.805,-0.630595
254,0.689793,0.148757,245.163,160.407,-0.621595
255,0.694424,0.085933,245.731,160.015,-0.603744
256,0.701104,0.093270,246.306,159.627,-0.593432
257,0.706529,0.082452,246.892,159.242,-0.582240
258,0.706791,0.147147,247.486,158.859,-0.572346
259,0.707329,0.057180,248.087,158.487,-0.554688
260,0.708103,-0.042192,248.690,158.118,-0.547826
261,0.703144,-0.093752,249.293,157.746,-0.552889
262,0.701977,-0.056308,249.887,157.370,-0.564140
263,0.706031,-0.057264,250.478,156.991,-0.570897
264,0.701028,-0.098723,251.069,156.606,-0.577768
265,0.696483,-0.021785,251.652,156.216,-0.589615
266,0.692975,0.011790,252.230,155.827,-0.592229
267,0.693597,0.091659,252.805,155.441,-0.590815
268,0.694695,0.008307,253.386,155.061,-0.579815
269,0.692894,0.002818,253.967,154.681,-0.578819
270,0.700310,0.043802,254.547,154.302,-0.578481
271,0.698968,0.004685,255.136,153.922,-0.573224
272,0.697863,-0.011280,255.723,153.544,-0.572662
273,0.692152,-0.013393,256.309,153.165,-0.574016
274,0.685573,-0.050062,256.890,152.788,-0.575623
275,0.683800,-0.041400,257.463,152.411,-0.581630
276,0.680129,-0.044098,258.032,152.033,-0.586598
277,0.680633,-0.095857,258.597,151.653,-0.591890
278,0.680880,-0.021100,259.157,151.267,-0.603393
279,0.684679,-0.064279,259.717,150.879,-0.605925
280,0.686341,-0.067035,260.276,150.485,-0.613638
281,0.691609,-0.029920,260.834,150.085,-0.621683
282,0.690681,-0.036377,261.395,149.680,-0.625273
283,0.689862,0.000710,261.953,149.274,-0.629638
284,0.692634,-0.078655,262.511,148.867,-0.629553
285,0.694783,-0.144980,263.067,148.454,-0.638991
286,0.702062,-0.190541,263.617,148.030,-0.656389
287,0.696509,-0.121027,264.164,147.589,-0.679254
288,0.698280,-0.030681,264.699,147.144,-0.693777
289,0.697863,-0.072976,265.234,146.696,-0.697459
290,0.701816,-0.035178,265.765,146.243,-0.706216
291,0.704625,0.046195,266.297,145.785,-0.710437
292,0.709060,0.077027,266.834,145.328,-0.704894
293,0.711754,0.086081,267.378,144.874,-0.695651
294,0.715199,0.113626,267.929,144.423,-0.685321
295,0.711149,0.099667,268.489,143.978,-0.671686
296,0.710658,0.125516,269.051,143.543,-0.659726
297,0.707788,0.003995,269.619,143.115,-0.644664
298,0.705436,0.026891,270.185,142.690,-0.644184
299,0.707148,0.024556,270.750,142.269,-0.640958
300,0.707768,0.020694,271.318,141.847,-0.638011
301,0.697399,-0.110713,271.888,141.427,-0.635528
302,0.689185,-0.119060,272.444,141.006,-0.648813
303,0.679761,-0.109324,272.987,140.582,-0.663100
304,0.678359,-0.106100,273.517,140.156,-0.676219
305,0.678248,-0.064143,274.041,139.725,-0.688951
306,0.683567,-0.099049,274.561,139.290,-0.696648
307,0.693694,-0.024477,275.080,138.845,-0.708534
308,0.692628,0.018975,275.605,138.392,-0.711471
309,0.698399,0.093619,276.131,137.941,-0.709194
310,0.693945,0.046173,276.666,137.492,-0.697960
311,0.696540,-0.014687,277.200,137.049,-0.692419
312,0.702248,-0.012130,277.736,136.603,-0.694182
313,0.695437,-0.055096,278.275,136.153,-0.695637
314,0.690754,-0.104434,278.806,135.704,-0.702249
315,0.681501,-0.054644,279.327,135.251,-0.714781
316,0.682633,0.022721,279.839,134.801,-0.721338
317,0.677503,-0.045646,280.353,134.352,-0.718612
318,0.680278,-0.044634,280.860,133.903,-0.724089
319,0.681339,-0.041555,281.367,133.450,-0.729445
320,0.684248,-0.080429,281.873,132.993,-0.734432
321,0.685473,-0.092001,282.377,132.530,-0.744084
322,0.687557,-0.003687,282.876,132.060,-0.755124
323,0.693451,-0.050764,283.376,131.588,-0.755566
324,0.684024,-0.091122,283.878,131.110,-0.761658
325,0.688837,-0.092480,284.368,130.632,-0.772592
326,0.689268,-0.092038,284.856,130.146,-0.783690
327,0.687280,-0.046723,285.339,129.654,-0.794735
328,0.689258,-0.117293,285.817,129.161,-0.800341
329,0.682008,0.037511,286.290,128.660,-0.814417
330,0.689537,0.081720,286.761,128.166,-0.809915
331,0.692335,0.000355,287.241,127.671,-0.800109
332,0.686753,-0.044888,287.723,127.174,-0.800066
333,0.689433,-0.059412,288.199,126.679,-0.805453
334,0.690342,-0.013445,288.673,126.179,-0.812582
335,0.694628,-0.055152,289.147,125.677,-0.814196
336,0.698307,-0.023182,289.620,125.168,-0.820814
337,0.695474,0.006237,290.095,124.656,-0.823596
338,0.700849,-0.039724,290.568,124.146,-0.822848
339,0.703109,-0.048560,291.042,123.630,-0.827614
340,0.702327,-0.061436,291.515,123.110,-0.833442
341,0.704622,-0.066097,291.983,122.586,-0.840814
342,0.703764,-0.091487,292.449,122.058,-0.848746
343,0.704944,-0.098635,292.908,121.524,-0.859724
344,0.704906,-0.130723,293.362,120.985,-0.871560
345,0.703645,-0.131550,293.807,120.438,-0.887247
346,0.701539,-0.045118,294.243,119.886,-0.903033
347,0.699616,-0.043902,294.674,119.333,-0.908447
348,0.703552,-0.044321,295.102,118.779,-0.913715
349,0.702298,-0.011354,295.528,118.219,-0.919034
350,0.695841,0.001594,295.954,117.660,-0.920396
351,0.698394,0.069459,296.375,117.107,-0.920205
352,0.701564,0.071557,296.803,116.555,-0.911870
353,0.706467,0.019553,297.237,116.004,-0.903283
354,0.713071,0.022151,297.676,115.450,-0.900937
355,0.709152,0.025035,298.120,114.892,-0.898279
356,0.709636,0.024321,298.563,114.339,-0.895274
357,0.708157,0.051892,299.009,113.786,-0.892356
358,0.707127,0.048130,299.457,113.238,-0.886129
359,0.712030,0.002738,299.907,112.692,-0.880353
360,0.709304,-0.004672,300.361,112.144,-0.880025
361,0.702543,0.148895,300.812,111.597,-0.880585
362,0.704344,0.113280,301.269,111.063,-0.862718
363,0.697549,0.018611,301.734,110.534,-0.849124
364,0.694730,0.013694,302.196,110.012,-0.846891
365,0.694938,-0.076965,302.657,109.492,-0.845248
366,0.695150,-0.058161,303.114,108.968,-0.854484
367,0.691186,-0.143515,303.566,108.440,-0.861463
368,0.694993,-0.144268,304.008,107.908,-0.878685
369,0.691389,-0.097505,304.442,107.365,-0.895997
370,0.691351,-0.047161,304.867,106.821,-0.907697
371,0.696660,-0.050996,305.290,106.273,-0.913357
372,0.697830,-0.008643,305.712,105.719,-0.919476
373,0.703715,-0.011658,306.135,105.164,-0.920513
374,0.695581,0.053421,306.560,104.603,-0.921912
375,0.694495,0.089469,306.984,104.052,-0.915502
376,0.692932,0.085781,307.413,103.506,-0.904766
377,0.693270,0.029268,307.847,102.965,-0.894472
378,0.687504,0.016052,308.282,102.426,-0.890960
379,0.688223,0.006457,308.716,101.892,-0.889034
380,0.687264,0.047094,309.150,101.358,-0.888259
381,0.688345,0.047497,309.586,100.827,-0.882608
382,0.692505,-0.036523,310.027,100.298,-0.876908
383,0.692435,0.031464,310.467,99.764,-0.881291
384,0.690925,-0.009189,310.910,99.231,-0.877515
385,0.688251,-0.028545,311.351,98.699,-0.878618
386,0.690203,-0.074776,311.788,98.168,-0.882043
387,0.692887,0.002729,312.222,97.631,-0.891016
388,0.693706,0.039249,312.658,97.092,-0.890689
389,0.700869,-0.040634,313.096,96.555,-0.885979
390,0.705333,-0.082792,313.537,96.010,-0.890855
391,0.708370,-0.125154,313.975,95.457,-0.900790
392,0.701992,-0.082919,314.407,94.896,-0.915809
393,0.701557,-0.082160,314.829,94.335,-0.925759
394,0.700399,-0.124969,315.245,93.770,-0.935618
395,0.702696,-0.030879,315.652,93.200,-0.950614
396,0.704497,0.084739,316.058,92.627,-0.954320
397,0.705222,0.006062,316.471,92.056,-0.944151
398,0.699885,0.043850,316.885,91.485,-0.943424
399,0.704096,-0.041706,317.299,90.921,-0.938162
400,0.699871,-0.081367,317.713,90.351,-0.943166
401,0.700282,-0.039837,318.118,89.780,-0.952931
402,0.703595,-0.034887,318.521,89.207,-0.957711
403,0.701046,-0.081101,318.923,88.630,-0.961897
404,0.701925,-0.117343,319.319,88.051,-0.971629
405,0.706295,-0.037091,319.706,87.466,-0.985711
406,0.703870,-0.080460,320.094,86.876,-0.990162
407,0.706090,-0.031357,320.474,86.283,-0.999817
408,0.703908,-0.058589,320.854,85.688,-1.003580
409,0.699215,-0.018363,321.228,85.092,-1.010610
410,0.693216,0.017089,321.598,84.498,-1.012814
411,0.689874,-0.069643,321.966,83.911,-1.010763
412,0.682113,-0.082829,322.328,83.324,-1.019120
413,0.673777,-0.077299,322.679,82.739,-1.029060
414,0.674024,-0.073945,323.021,82.159,-1.038336
415,0.676433,-0.039403,323.358,81.575,-1.047209
416,0.679486,0.050002,323.694,80.987,-1.051937
417,0.684501,0.085810,324.034,80.399,-1.045937
418,0.689391,0.047582,324.383,79.811,-1.035640
419,0.689343,0.036209,324.738,79.220,-1.029930
420,0.688775,0.002617,325.096,78.630,-1.025585
421,0.686225,0.086379,325.453,78.041,-1.025271
422,0.687127,-0.007141,325.815,77.459,-1.014906
423,0.683328,0.020045,326.177,76.875,-1.015763
424,0.687528,-0.018764,326.539,76.295,-1.013357
425,0.689489,-0.055989,326.901,75.710,-1.015609
426,0.687685,-0.065965,327.261,75.122,-1.022328
427,0.688265,-0.023534,327.615,74.532,-1.030243
428,0.691216,-0.065515,327.967,73.941,-1.033067
429,0.694235,0.046222,328.317,73.345,-1.040929
430,0.687154,0.045785,328.671,72.748,-1.035383
431,0.687153,-0.049349,329.025,72.159,-1.029888
432,0.685475,-0.105478,329.375,71.568,-1.035810
433,0.687008,-0.086443,329.717,70.974,-1.048468
434,0.691127,-0.086010,330.054,70.375,-1.058841
435,0.687403,-0.052680,330.386,69.769,-1.069162
436,0.686874,-0.049121,330.713,69.164,-1.075484
437,0.694189,-0.091606,331.035,68.558,-1.081378
438,0.699390,-0.101934,331.355,67.941,-1.092371
439,0.702752,-0.067648,331.669,67.317,-1.104603
440,0.700904,-0.067551,331.980,66.686,-1.112721
441,0.705291,0.044224,332.285,66.055,-1.120827
442,0.705767,0.158731,332.595,65.422,-1.115520
443,0.707547,0.219361,332.918,64.794,-1.096472
444,0.708478,0.172037,333.257,64.173,-1.070149
445,0.710725,0.105892,333.610,63.559,-1.049504
446,0.699595,0.132003,333.972,62.947,-1.036797
447,0.693910,0.121216,334.337,62.350,-1.020957
448,0.690804,0.080673,334.708,61.764,-1.006411
449,0.690827,0.014815,335.084,61.184,-0.996730
450,0.691154,-0.038981,335.460,60.605,-0.994953
451,0.691304,0.044248,335.833,60.023,-0.999630
452,0.695163,0.044767,336.210,59.444,-0.994320
453,0.692760,0.080553,336.592,58.863,-0.988948
454,0.696937,0.079965,336.979,58.288,-0.979282
455,0.703539,0.107941,337.373,57.713,-0.969686
456,0.700415,0.061915,337.778,57.138,-0.956733
457,0.699234,-0.032784,338.186,56.569,-0.949304
458,0.700114,-0.077010,338.591,55.999,-0.953238
459,0.700712,-0.080943,338.991,55.424,-0.962479
460,0.701211,-0.067494,339.386,54.845,-0.972192
461,0.697070,-0.033562,339.776,54.263,-0.980291
462,0.700513,-0.027480,340.162,53.682,-0.984319
463,0.702297,-0.122649,340.548,53.097,-0.987616
464,0.698202,-0.083991,340.926,52.506,-1.002334
465,0.697485,-0.001276,341.296,51.913,-1.012413
466,0.699407,0.083655,341.665,51.322,-1.012566
467,0.706391,0.120755,342.042,50.732,-1.002528
468,0.707701,0.150068,342.430,50.142,-0.988037
469,0.709938,0.066960,342.830,49.559,-0.970029
470,0.709136,0.009087,343.236,48.976,-0.961994
471,0.705141,-0.044905,343.643,48.395,-0.960903
472,0.712461,-0.045090,344.043,47.815,-0.966292
473,0.709607,-0.120960,344.445,47.226,-0.971703
474,0.710642,-0.125695,344.837,46.635,-0.986218
475,0.716809,-0.081813,345.220,46.036,-1.001301
476,0.713388,0.002314,345.600,45.429,-1.011119
477,0.708171,0.098586,345.979,44.824,-1.010841
478,0.702349,0.092236,346.363,44.229,-0.999011
479,0.706728,0.005909,346.749,43.642,-0.987942
480,0.703629,-0.034899,347.139,43.053,-0.987233
481,0.698562,-0.050842,347.524,42.464,-0.991421
482,0.697824,-0.017272,347.903,41.877,-0.997522
483,0.696357,-0.062159,348.280,41.290,-0.999595
484,0.694939,-0.075273,348.652,40.701,-1.007054
485,0.695125,0.049149,349.018,40.111,-1.016087
486,0.691137,0.012811,349.388,39.522,-1.010189
487,0.691293,-0.048864,349.756,38.937,-1.008651
488,0.689752,-0.047997,350.121,38.350,-1.014515
489,0.689016,-0.043176,350.482,37.762,-1.020275
490,0.687288,0.002078,350.839,37.173,-1.025456
491,0.686795,-0.040659,351.196,36.586,-1.025206
492,0.685280,-0.033433,351.549,35.997,-1.030086
493,0.691393,-0.039755,351.900,35.408,-1.034098
494,0.691350,-0.035638,352.251,34.812,-1.038868
495,0.691122,-0.082037,352.599,34.215,-1.043145
496,0.690452,-0.042215,352.941,33.614,-1.052989
497,0.687239,-0.090027,353.279,33.012,-1.058055
498,0.691938,-0.052160,353.610,32.410,-1.068858
499,0.693158,-0.133633,353.939,31.801,-1.075117
500,0.695112,-0.092505,354.259,31.186,-1.091153
501,0.694113,-0.082885,354.573,30.566,-1.102254
502,0.694604,-0.040227,354.880,29.944,-1.112200
503,0.695747,-0.048192,355.185,29.319,-1.117027
504,0.698876,-0.082285,355.486,28.692,-1.122810
505,0.696903,-0.003813,355.783,28.060,-1.132684
506,0.696904,0.005603,356.078,27.428,-1.133142
507,0.698636,0.067128,356.374,26.797,-1.132470
508,0.692276,0.098843,356.675,26.167,-1.124414
509,0.690467,0.115111,356.982,25.546,-1.112553
510,0.689739,0.158580,357.296,24.931,-1.098740
511,0.693880,0.069779,357.621,24.323,-1.079710
512,0.691806,0.062221,357.953,23.714,-1.071337
513,0.681684,0.006846,358.289,23.109,-1.063870
514,0.682004,-0.022700,358.620,22.513,-1.063049
515,0.683005,0.011022,358.950,21.917,-1.065773
516,0.682879,0.007356,359.282,21.319,-1.064450
517,0.686080,-0.039503,359.613,20.722,-1.063568
518,0.687714,-0.044644,359.944,20.121,-1.068308
519,0.693517,-0.048609,360.272,19.517,-1.073665
520,0.688726,-0.008631,360.599,18.905,-1.079498
521,0.686475,0.023474,360.923,18.298,-1.080534
522,0.692994,-0.012076,361.248,17.693,-1.077717
523,0.690191,0.008254,361.575,17.082,-1.079166
524,0.695747,0.007237,361.902,16.474,-1.078176
525,0.695894,-0.032401,362.231,15.861,-1.077307
526,0.696670,-0.021555,362.559,15.247,-1.081196
527,0.703257,0.002793,362.885,14.631,-1.083782
528,0.703623,0.002037,363.214,14.010,-1.083447
529,0.700513,-0.045542,363.544,13.388,-1.083203
530,0.698046,-0.039071,363.868,12.768,-1.088668
531,0.693585,-0.071612,364.189,12.148,-1.093356
532,0.694995,-0.031420,364.503,11.529,-1.101950
533,0.693668,0.002989,364.814,10.908,-1.105720
534,0.688616,0.036015,365.126,10.288,-1.105361
535,0.680643,0.032885,365.437,10.000,1.055487
536,0.682251,-0.012860,365.770,10.594,1.059433
537,0.683121,0.032298,366.105,11.188,1.057890
538,0.689955,0.057990,366.438,11.785,1.061766
539,0.687348,0.007931,366.770,12.389,1.068725
540,0.692186,0.043965,367.100,12.992,1.069676
541,0.698312,-0.050814,367.430,13.601,1.074952
542,0.697697,-0.007557,367.766,14.213,1.068854
543,0.701327,-0.018422,368.102,14.825,1.067947
544,0.701761,-0.005299,368.441,15.438,1.065737
545,0.700204,-0.002508,368.781,16.052,1.065101
546,0.695000,-0.002875,369.121,16.665,1.064800
547,0.693151,-0.050454,369.458,17.272,1.064455
548,0.696049,-0.016954,369.797,17.877,1.058401
549,0.702693,0.025723,370.140,18.483,1.056366
550,0.703596,0.015217,370.484,19.095,1.059453
551,0.704736,0.047362,370.827,19.710,1.061279
552,0.707819,0.047086,371.167,20.327,1.066962
553,0.705434,-0.039112,371.505,20.949,1.072613
554,0.709083,-0.087729,371.845,21.567,1.067919
555,0.700731,-0.142609,372.194,22.184,1.057392
556,0.701107,-0.157061,372.548,22.789,1.040279
557,0.706800,-0.070104,372.914,23.387,1.021431
558,0.707762,-0.032961,373.288,23.986,1.013019
559,0.702221,-0.037335,373.665,24.585,1.009063
560,0.693748,0.005292,374.042,25.178,1.004583
561,0.688113,-0.039521,374.414,25.764,1.005218
562,0.692495,0.035274,374.785,26.343,1.000476
563,0.687729,0.004281,375.157,26.927,1.004709
564,0.691202,-0.006244,375.525,27.508,1.005222
565,0.690674,0.061312,375.896,28.091,1.004473
566,0.685618,0.055817,376.262,28.677,1.011831
567,0.677554,-0.076223,376.622,29.261,1.018529
568,0.684362,0.047009,376.983,29.834,1.009382
569,0.683523,-0.006118,377.344,30.415,1.015023
570,0.690806,-0.007150,377.705,30.996,1.014289
571,0.691911,-0.008342,378.070,31.582,1.013431
572,0.688072,-0.002502,378.437,32.169,1.012430
573,0.687028,0.030249,378.802,32.752,1.012129
574,0.689003,0.044755,379.164,33.336,1.015759
575,0.685991,0.033260,379.524,33.924,1.021130
576,0.685110,0.024257,379.880,34.510,1.025121
577,0.683147,0.015353,380.234,35.097,1.028032
578,0.689131,-0.022417,380.585,35.682,1.029874
579,0.691866,-0.029435,380.942,36.272,1.027184
580,0.689632,-0.072075,381.302,36.863,1.023652
581,0.691526,-0.075956,381.666,37.449,1.015003
582,0.694855,-0.027538,382.036,38.033,1.005888
583,0.694953,0.096129,382.410,38.619,1.002584
584,0.689361,0.053739,382.777,39.209,1.014119
585,0.687160,0.039092,383.137,39.796,1.020568
586,0.696553,0.059777,383.494,40.384,1.025259
587,0.696067,-0.028150,383.851,40.982,1.032432
588,0.699494,-0.027980,384.210,41.578,1.029054
589,0.706980,-0.069415,384.573,42.176,1.025697
590,0.702163,-0.071524,384.944,42.778,1.017367
591,0.703909,0.011940,385.318,43.372,1.008784
592,0.696146,-0.024070,385.693,43.968,1.010217
593,0.695930,0.005732,386.064,44.557,1.007328
594,0.692952,0.016597,386.436,45.145,1.008016
595,0.690298,-0.023674,386.804,45.732,1.010008
596,0.692697,-0.030835,387.173,46.316,1.007167
597,0.689292,-0.079879,387.545,46.900,1.003467
598,0.691797,-0.083839,387.921,47.477,0.993881
599,0.696970,-0.076569,388.304,48.053,0.983821
600,0.700554,-0.153549,388.696,48.630,0.974632
601,0.696549,-0.044244,389.100,49.203,0.956207
602,0.696617,-0.080871,389.504,49.769,0.950897
603,0.692813,-0.050669,389.915,50.333,0.941193
604,0.691576,-0.051207,390.000,50.890,2.322289
605,0.692106,-0.066620,389.531,51.398,2.316145
606,0.694725,-0.065045,389.066,51.911,2.308150
607,0.701968,-0.018489,388.603,52.428,2.300345
608,0.693212,-0.024873,388.136,52.953,2.298126
609,0.689671,0.011144,387.676,53.472,2.295141
610,0.693331,-0.036011,387.219,53.988,2.296479
611,0.695098,-0.043543,386.761,54.508,2.292157
612,0.694545,-0.009399,386.305,55.033,2.286932
613,0.696576,0.075284,385.849,55.557,2.285804
614,0.698470,0.044560,385.388,56.079,2.294838
615,0.696761,0.039542,384.922,56.600,2.300185
616,0.694619,-0.002322,384.456,57.117,2.304930
617,0.686392,0.019635,383.990,57.633,2.304652
618,0.687221,0.019997,383.529,58.142,2.307008
619,0.691687,0.087337,383.067,58.650,2.309408
620,0.688424,0.038173,382.596,59.156,2.319888
621,0.686434,0.079707,382.125,59.658,2.324469
622,0.685379,0.033738,381.650,60.154,2.334034
623,0.685003,-0.091143,381.174,60.648,2.338082
624,0.685410,-0.092666,380.704,61.146,2.327145
625,0.686574,-0.049900,380.239,61.650,2.316025
626,0.696872,-0.042709,379.777,62.157,2.310037
627,0.703780,-0.055006,379.310,62.674,2.304912
628,0.711235,-0.055911,378.842,63.200,2.298311
629,0.716092,-0.062164,378.373,63.734,2.291602
630,0.714048,-0.104473,377.904,64.276,2.284142
631,0.714024,-0.114016,377.444,64.821,2.271605
632,0.709634,-0.149846,376.991,65.373,2.257923
633,0.709094,-0.109441,376.550,65.930,2.239942
634,0.713896,-0.063023,376.118,66.492,2.226809
635,0.706070,0.013117,375.687,67.061,2.219246
636,0.705725,0.055437,375.259,67.623,2.220820
637,0.702555,0.004204,374.829,68.182,2.227473
638,0.698769,-0.031863,374.399,68.738,2.227977
639,0.696543,-0.077289,373.975,69.293,2.224154
640,0.699625,-0.003995,373.556,69.850,2.214879
641,0.696531,-0.084601,373.137,70.410,2.214400
642,0.693350,-0.054469,372.724,70.971,2.204247
643,0.695521,-0.099670,372.318,71.533,2.197711
644,0.693532,-0.064762,371.916,72.101,2.185751
645,0.694454,-0.016900,371.521,72.670,2.177979
646,0.692019,-0.052647,371.126,73.241,2.175951
647,0.694811,-0.048820,370.735,73.813,2.169634
648,0.696225,-0.076495,370.347,74.389,2.163775
649,0.695777,-0.138544,369.963,74.970,2.154596
650,0.695574,-0.192473,369.590,75.557,2.137971
651,0.696886,-0.151547,369.230,76.152,2.114874
652,0.701359,-0.183864,368.880,76.755,2.096688
653,0.698776,-0.184474,368.541,77.369,2.074625
654,0.698956,-0.101762,368.217,77.988,2.052488
655,0.699431,-0.097524,367.901,78.612,2.040276
656,0.705404,-0.060219,367.592,79.239,2.028574
657,0.699679,0.023461,367.285,79.874,2.021347
658,0.695567,0.019838,366.978,80.503,2.024163
659,0.688899,0.054672,366.672,81.128,2.026543
660,0.685367,0.055316,366.365,81.744,2.033104
661,0.683119,0.004216,366.055,82.356,2.039742
662,0.683793,0.005817,365.746,82.965,2.040248
663,0.683790,0.114065,365.436,83.574,2.040946
664,0.679511,0.115717,365.118,84.180,2.054633
665,0.679147,0.183329,364.794,84.777,2.068519
666,0.677724,0.100027,364.457,85.366,2.090519
667,0.680069,0.163317,364.113,85.950,2.102522
668,0.685073,0.158042,363.757,86.530,2.122120
669,0.686417,0.103191,363.387,87.106,2.141085
670,0.690417,0.093028,363.009,87.680,2.153468
671,0.698213,0.088960,362.623,88.252,2.164632
672,0.703429,0.045537,362.226,88.826,2.175307
673,0.705232,0.029096,361.823,89.403,2.180771
674,0.701713,0.035658,361.417,89.979,2.184263
675,0.699562,-0.061699,361.011,90.551,2.188542
676,0.697033,-0.071867,360.610,91.125,2.181138
677,0.691471,-0.039831,360.215,91.699,2.172514
678,0.699043,-0.114466,359.827,92.271,2.167734
679,0.693604,-0.074599,359.442,92.855,2.153998
680,0.691927,-0.113949,359.065,93.437,2.145046
681,0.694123,0.038164,358.697,94.023,2.131372
682,0.698783,0.044572,358.325,94.609,2.135952
683,0.706092,0.028491,357.948,95.197,2.141301
684,0.709619,0.019951,357.564,95.790,2.144720
685,0.709417,0.054014,357.178,96.385,2.147114
686,0.703240,0.012394,356.787,96.978,2.153595
687,0.694952,-0.040885,356.399,97.564,2.155083
688,0.695640,-0.095206,356.019,98.146,2.150176
689,0.699263,-0.054456,355.645,98.732,2.138752
690,0.693885,0.003601,355.272,99.324,2.132217
691,0.690700,0.000799,354.903,99.911,2.132649
692,0.695808,-0.048893,354.535,100.496,2.132745
693,0.696078,-0.099472,354.167,101.087,2.126878
694,0.692037,-0.100454,353.807,101.682,2.114941
695,0.691000,-0.071125,353.456,102.279,2.102887
696,0.693019,-0.105439,353.110,102.877,2.094352
697,0.690837,-0.033849,352.772,103.482,2.081699
698,0.693458,-0.066351,352.436,104.086,2.077637
699,0.695650,-0.028853,352.105,104.695,2.069675
700,0.692501,-0.022327,351.774,105.307,2.066213
701,0.687346,-0.111769,351.446,105.917,2.063533
702,0.686662,-0.154403,351.129,106.527,2.050121
703,0.679283,-0.060630,350.824,107.142,2.031593
704,0.678297,-0.058236,350.526,107.752,2.024317
705,0.675996,-0.080435,350.233,108.364,2.017329
706,0.677246,-0.079643,349.947,108.977,2.007677
707,0.680420,-0.029083,349.667,109.593,1.998120
708,0.681325,-0.032771,349.387,110.213,1.994630
709,0.680857,-0.095438,349.109,110.835,1.990697
710,0.679447,-0.013361,348.839,111.460,1.979245
711,0.675285,0.024944,348.570,112.084,1.977641
712,0.668658,0.107113,348.301,112.703,1.980635
713,0.677130,0.016112,348.026,113.313,1.993488
714,0.679494,-0.111488,347.747,113.930,1.995422
715,0.680360,-0.124646,347.476,114.553,1.982043
716,0.685052,-0.085635,347.213,115.181,1.967086
717,0.693208,-0.003090,346.955,115.815,1.956809
718,0.687296,0.033476,346.695,116.458,1.956438
719,0.693849,-0.008369,346.433,117.093,1.960456
720,0.698069,0.063242,346.171,117.736,1.959451
721,0.697751,0.046220,345.901,118.380,1.967040
722,0.698282,0.082726,345.628,119.022,1.972587
723,0.697147,0.070591,345.349,119.662,1.982514
724,0.696034,0.114758,345.064,120.298,1.990985
725,0.697956,0.140863,344.772,120.930,2.004756
726,0.697664,0.145192,344.468,121.558,2.021659
727,0.701770,0.089030,344.153,122.180,2.039082
728,0.705608,0.124136,343.829,122.803,2.049766
729,0.702595,0.115073,343.495,123.425,2.064662
730,0.696895,0.103821,343.153,124.038,2.078471
731,0.699768,0.021874,342.807,124.643,2.090930
732,0.701444,-0.021801,342.458,125.250,2.093555
733,0.704920,0.009361,342.109,125.858,2.090939
734,0.702156,-0.017061,341.758,126.470,2.092062
735,0.701832,-0.014492,341.409,127.079,2.090015
736,0.699743,0.014841,341.062,127.689,2.088276
737,0.698669,0.051656,340.715,128.297,2.090056
738,0.701648,0.004998,340.365,128.901,2.096255
739,0.701022,0.043091,340.012,129.508,2.096855
740,0.702472,-0.006162,339.657,130.112,2.102026
741,0.707922,-0.047436,339.302,130.718,2.101286
742,0.707632,-0.056061,338.947,131.331,2.095594
743,0.702957,-0.057402,338.597,131.946,2.088867
744,0.697969,-0.085472,338.253,132.559,2.081978
745,0.692190,-0.138394,337.917,133.171,2.071722
746,0.694734,-0.135155,337.595,133.783,2.055115
747,0.691938,-0.148286,337.282,134.403,2.038896
748,0.695516,-0.108275,336.981,135.026,2.021102
749,0.693275,-0.112094,336.686,135.656,2.008109
750,0.687644,-0.100151,336.401,136.288,1.994657
751,0.682999,-0.176317,336.126,136.919,1.982639
752,0.677696,-0.049781,335.866,137.550,1.961481
753,0.682305,-0.015354,335.611,138.178,1.955508
754,0.683723,-0.009998,335.356,138.811,1.953665
755,0.686085,-0.050423,335.102,139.446,1.952465
756,0.683920,-0.041079,334.850,140.084,1.946414
757,0.690042,-0.008100,334.602,140.721,1.941485
758,0.687454,0.039198,334.353,141.365,1.940513
759,0.687146,0.041831,334.101,142.005,1.945217
760,0.688732,0.120611,333.847,142.643,1.950236
761,0.689340,0.076998,333.583,143.279,1.964710
762,0.689091,-0.005644,333.312,143.913,1.973950
763,0.691243,0.063033,333.042,144.547,1.973272
764,0.688485,-0.016510,332.767,145.181,1.980836
765,0.685694,-0.031141,332.493,145.813,1.978855
766,0.685595,-0.031293,332.224,146.443,1.975118
767,0.693722,-0.032680,331.956,147.075,1.971363
768,0.694800,-0.034418,331.688,147.714,1.967441
769,0.695651,-0.031807,331.423,148.356,1.963311
770,0.692733,0.004017,331.159,149.000,1.959494
771,0.682038,0.045399,330.896,149.641,1.959976
772,0.687265,0.084499,330.634,150.271,1.965424
773,0.695596,0.097356,330.363,150.902,1.975564
774,0.703875,0.056531,330.082,151.539,1.987247
775,0.708182,-0.034302,329.793,152.180,1.994031
776,0.705491,-0.076733,329.505,152.827,1.989914
777,0.708874,-0.161787,329.223,153.474,1.980706
778,0.712543,-0.159222,328.954,154.130,1.961292
779,0.704586,-0.082711,328.695,154.794,1.942185
780,0.696931,-0.041709,328.446,155.453,1.932260
781,0.690117,-0.077410,328.203,156.106,1.927255
782,0.688234,-0.078532,327.968,156.755,1.917966
783,0.690575,-0.048508,327.740,157.404,1.908542
784,0.692103,-0.058158,327.515,158.057,1.902721
785,0.686006,-0.016915,327.294,158.713,1.895742
786,0.691588,-0.010464,327.076,159.364,1.893712
787,0.694368,-0.027893,326.857,160.020,1.892456
788,0.695191,-0.018272,326.640,160.679,1.889109
789,0.685656,-0.055098,326.424,161.340,1.886917
790,0.683964,-0.054860,326.215,161.993,1.880305
791,0.676923,-0.057699,326.011,162.646,1.873722
792,0.680409,-0.047882,325.814,163.293,1.866798
793,0.682917,-0.005528,325.619,163.945,1.861052
794,0.685184,-0.005485,325.424,164.600,1.860389
795,0.681406,-0.019485,325.229,165.257,1.859730
796,0.686238,0.018349,325.036,165.910,1.857392
797,0.688170,0.050734,324.841,166.568,1.859594
798,0.688227,0.043806,324.641,167.226,1.865682
799,0.691057,-0.005596,324.437,167.884,1.870939
800,0.696710,-0.048901,324.233,168.544,1.870267
801,0.693755,-0.134651,324.032,169.211,1.864399
802,0.693407,-0.128298,323.842,169.878,1.848241
803,0.696271,-0.082483,323.662,170.548,1.832845
804,0.700002,-0.077430,323.488,171.222,1.822947
805,0.697030,-0.085827,323.320,171.902,1.813656
806,0.700115,-0.128402,323.159,172.580,1.803357
807,0.699960,-0.086022,323.008,173.264,1.787948
808,0.705129,-0.084337,322.865,173.949,1.777626
809,0.706422,-0.171990,322.727,174.640,1.767505
810,0.712610,-0.168137,322.603,175.336,1.746866
811,0.709063,-0.206394,322.493,176.040,1.726690
812,0.708527,-0.157572,322.400,176.743,1.701923
813,0.709501,-0.111249,322.320,177.447,1.683014
814,0.705204,-0.099580,322.250,178.153,1.669664
815,0.703319,-0.014530,322.189,178.855,1.657715
816,0.707503,-0.056100,322.129,179.556,1.655971
817,0.702170,-0.090741,322.074,180.261,1.649239
818,0.705047,-0.094162,322.027,180.962,1.638350
819,0.712103,-0.078908,321.987,181.666,1.627051
820,0.701833,0.009004,321.954,182.377,1.617582
821,0.695802,0.081959,321.920,183.078,1.618662
822,0.694136,0.085551,321.880,183.773,1.628497
823,0.692179,0.066086,321.833,184.465,1.638763
824,0.685887,0.105349,321.780,185.156,1.646694
825,0.679598,0.138604,321.720,185.839,1.659336
826,0.678782,0.124728,321.648,186.515,1.675968
827,0.679567,0.067257,321.567,187.189,1.690936
828,0.685299,0.055302,321.480,187.863,1.699006
829,0.688225,-0.004757,321.388,188.542,1.705643
830,0.687607,-0.008187,321.296,189.224,1.705072
831,0.686139,-0.069012,321.204,189.905,1.704089
832,0.685993,-0.109446,321.119,190.586,1.695808
833,0.681238,-0.079765,321.042,191.268,1.682674
834,0.680389,-0.067226,320.973,191.945,1.673103
835,0.687183,-0.107398,320.909,192.623,1.665035
836,0.687628,-0.109146,320.853,193.308,1.652148
837,0.692519,-0.080522,320.806,193.994,1.639050
838,0.698395,-0.039161,320.765,194.685,1.629388
839,0.695235,0.015514,320.728,195.382,1.624688
840,0.690741,-0.094127,320.689,196.077,1.626550
841,0.690382,-0.149279,320.658,196.767,1.615255
842,0.692148,-0.134834,320.640,197.457,1.597341
843,0.695205,-0.087949,320.633,198.149,1.581161
844,0.695091,-0.051077,320.633,198.844,1.570607
845,0.692505,-0.046471,320.637,199.539,1.564478
846,0.694246,0.069578,320.646,200.232,1.558901
847,0.693113,0.122304,320.648,200.926,1.567251
848,0.698099,0.113343,320.640,201.619,1.581927
849,0.700917,0.062796,320.623,202.317,1.595529
850,0.696342,0.057627,320.600,203.017,1.603064
851,0.694267,-0.032693,320.573,203.713,1.609979
852,0.693304,0.042740,320.549,204.407,1.606056
853,0.689768,0.004047,320.521,205.100,1.611185
854,0.684964,-0.035752,320.492,205.789,1.611671
855,0.688175,-0.085253,320.467,206.473,1.607380
856,0.687169,-0.083666,320.449,207.161,1.597150
857,0.687815,-0.082268,320.438,207.848,1.587110
858,0.692033,-0.070776,320.434,208.536,1.577238
859,0.692019,-0.068597,320.435,209.228,1.568745
860,0.693151,-0.015978,320.442,209.920,1.560513
861,0.694792,-0.011741,320.451,210.613,1.558596
862,0.695394,-0.007305,320.460,211.308,1.557187
863,0.685440,-0.109025,320.470,212.003,1.556310
864,0.677746,-0.106794,320.489,212.689,1.543227
865,0.681673,-0.056004,320.516,213.366,1.530412
866,0.686049,-0.060991,320.549,214.047,1.523691
867,0.694142,-0.073884,320.586,214.732,1.516373
868,0.696684,-0.000234,320.630,215.424,1.507506
869,0.700941,-0.041784,320.674,216.120,1.507478
870,0.703812,-0.004503,320.722,216.819,1.502464
871,0.701811,-0.044654,320.770,217.521,1.501924
872,0.706430,-0.034286,320.822,218.221,1.496565
873,0.710265,-0.125904,320.877,218.925,1.492451
874,0.714521,-0.095556,320.944,219.632,1.477343
875,0.717874,-0.091552,321.019,220.343,1.465876
876,0.712368,-0.016252,321.102,221.056,1.454890
877,0.715322,-0.053127,321.185,221.764,1.452940
878,0.709532,-0.035806,321.274,222.473,1.446564
879,0.703540,-0.090191,321.365,223.177,1.442268
880,0.699495,-0.047296,321.463,223.874,1.431445
881,0.701052,-0.005880,321.564,224.566,1.425769
882,0.699218,-0.005618,321.666,225.260,1.425064
883,0.700040,0.035623,321.768,225.951,1.424389
884,0.704617,0.031543,321.867,226.644,1.428664
885,0.701111,0.026197,321.964,227.342,1.432449
886,0.697329,-0.027709,322.058,228.037,1.435593
887,0.699566,-0.005170,322.155,228.728,1.432268
888,0.700463,0.066948,322.252,229.420,1.431647
889,0.701179,0.058488,322.343,230.115,1.439681
890,0.706021,0.083393,322.430,230.811,1.446700
891,0.702754,0.078048,322.510,231.512,1.456707
892,0.704807,0.036932,322.584,232.211,1.466073
893,0.708317,-0.014515,322.655,232.912,1.470505
894,0.705351,0.071849,322.727,233.617,1.468763
895,0.701102,-0.008249,322.792,234.319,1.477385
896,0.699088,-0.089500,322.859,235.017,1.476395
897,0.691598,-0.058773,322.932,235.712,1.465655
898,0.701123,-0.052496,323.009,236.400,1.458602
899,0.697216,-0.072857,323.092,237.096,1.452302
900,0.692709,-0.073569,323.181,237.787,1.443559
901,0.694638,0.001262,323.275,238.474,1.434731
902,0.697171,-0.040244,323.369,239.162,1.434883
903,0.698754,-0.046022,323.467,239.852,1.430053
904,0.705485,-0.038425,323.568,240.543,1.424531
905,0.689435,-0.036903,323.674,241.241,1.419920
906,0.683422,0.013062,323.781,241.922,1.415491
907,0.679642,0.052990,323.886,242.597,1.417059
908,0.679977,0.096451,323.986,243.270,1.423417
909,0.677377,0.080282,324.078,243.943,1.434992
910,0.676534,0.025399,324.163,244.615,1.444625
911,0.675168,0.053283,324.246,245.287,1.447673
912,0.676144,0.086279,324.325,245.957,1.454067
913,0.676709,0.082500,324.396,246.630,1.464421
914,0.682026,0.030306,324.462,247.303,1.474321
915,0.683367,0.043363,324.525,247.982,1.477957
916,0.680825,-0.000018,324.585,248.663,1.483161
917,0.685368,0.036571,324.644,249.341,1.483159
918,0.687068,0.116077,324.701,250.024,1.487547
919,0.690541,0.119791,324.749,250.710,1.501477
920,0.681274,0.034571,324.787,251.399,1.515851
921,0.680050,0.020637,324.821,252.080,1.520000
922,0.681965,-0.059349,324.854,252.759,1.522476
923,0.687631,-0.137727,324.892,253.440,1.515354
924,0.687503,-0.134422,324.941,254.126,1.498827
925,0.688923,-0.087698,325.002,254.810,1.482697
926,0.686911,-0.080175,325.070,255.496,1.472173
927,0.691524,-0.090440,325.144,256.179,1.462552
928,0.691570,-0.133292,325.226,256.866,1.451699
929,0.692004,-0.104756,325.319,257.551,1.435704
930,0.694383,-0.141927,325.421,258.235,1.423133
931,0.697523,-0.139516,325.535,258.920,1.406102
932,0.703821,-0.092689,325.661,259.606,1.389360
933,0.699791,-0.131998,325.795,260.297,1.378238
934,0.703293,-0.090847,325.940,260.982,1.362398
935,0.698693,-0.041191,326.093,261.668,1.351496
936,0.699336,-0.114654,326.249,262.349,1.346553
937,0.696369,-0.079696,326.413,263.029,1.332795
938,0.690318,-0.042375,326.584,263.704,1.323231
939,0.689879,-0.083139,326.757,264.373,1.318146
940,0.689937,-0.045496,326.936,265.039,1.308170
941,0.683495,0.031502,327.118,265.704,1.302710
942,0.683934,0.034206,327.297,266.364,1.306490
943,0.690246,0.024706,327.473,267.025,1.310595
944,0.685000,0.021918,327.649,267.692,1.313560
945,0.688662,0.007218,327.821,268.355,1.316190
946,0.691789,0.042692,327.994,269.022,1.317056
947,0.696412,0.158627,328.164,269.692,1.322179
948,0.696879,0.151457,328.323,270.371,1.341214
949,0.702412,0.143555,328.469,271.052,1.359389
950,0.704985,0.133600,328.604,271.741,1.376616
951,0.710281,0.078704,328.729,272.435,1.392648
952,0.703193,0.072385,328.849,273.135,1.402092
953,0.703089,0.067084,328.961,273.829,1.410778
954,0.704614,0.066201,329.067,274.524,1.418828
955,0.704750,0.044794,329.168,275.222,1.426773
956,0.698381,-0.044706,329.266,275.920,1.432148
957,0.694668,0.039939,329.366,276.611,1.426783
958,0.692797,-0.005820,329.462,277.299,1.431576
959,0.697555,0.029996,329.559,277.985,1.430878
960,0.690153,0.110229,329.654,278.676,1.434477
961,0.688989,0.099321,329.738,279.361,1.447705
962,0.689077,0.085426,329.815,280.046,1.459623
963,0.687860,-0.004054,329.884,280.731,1.469874
964,0.694710,-0.063442,329.954,281.415,1.469388
965,0.694112,-0.078393,330.030,282.106,1.461775
966,0.698171,-0.116329,330.112,282.795,1.452368
967,0.691007,-0.207524,330.204,283.487,1.438408
968,0.685000,-0.247114,330.312,284.170,1.413505
969,0.681244,-0.159491,330.439,284.843,1.383852
970,0.683845,-0.066844,330.579,285.510,1.364713
971,0.687682,-0.107593,330.724,286.178,1.356691
972,0.693805,-0.102051,330.879,286.848,1.343780
973,0.701196,-0.064449,331.043,287.522,1.331534
974,0.698330,-0.020890,331.215,288.202,1.323800
975,0.694307,-0.066824,331.387,288.879,1.321293
976,0.694068,-0.055680,331.564,289.550,1.313275
977,0.696106,-0.143820,331.745,290.220,1.306593
978,0.696391,-0.132945,331.938,290.889,1.289335
979,0.695818,-0.170121,332.143,291.555,1.273381
980,0.687582,-0.119739,332.360,292.215,1.252967
981,0.691924,-0.037375,332.584,292.865,1.238598
982,0.691777,-0.036017,332.813,293.519,1.234113
983,0.697417,0.002263,333.044,294.171,1.229791
984,0.702727,0.071363,333.277,294.828,1.230063
985,0.698252,0.183716,333.506,295.492,1.238626
986,0.701227,0.177750,333.719,296.157,1.260672
987,0.704342,0.169431,333.919,296.829,1.282002
988,0.708642,0.170947,334.106,297.508,1.302334
989,0.707714,0.114432,334.280,298.195,1.322847
990,0.710404,0.099594,334.444,298.884,1.336579
991,0.707197,0.044897,334.601,299.577,1.348530
992,0.710970,0.029197,334.753,300.267,1.353918
993,0.713028,0.150017,334.903,300.962,1.357422
994,0.715160,0.156593,335.042,301.662,1.375424
995,0.717976,0.098117,335.168,302.366,1.394215
996,0.712123,0.048256,335.285,303.074,1.405989
997,0.712198,0.201144,335.398,303.777,1.411780
998,0.705527,0.243417,335.494,304.483,1.435917
999,0.694816,0.148886,335.568,305.184,1.465127
1000,0.687313,0.132830,335.629,305.876,1.482994
1001,0.686111,-0.126567,335.679,306.562,1.498933
1002,0.676751,-0.173254,335.738,307.246,1.483745
1003,0.672574,-0.168475,335.811,307.918,1.462955
1004,0.673793,-0.166942,335.897,308.585,1.442738
1005,0.670828,-0.130019,335.996,309.252,1.422705
1006,0.658251,-0.159362,336.106,309.914,1.407102
1007,0.661163,-0.152703,336.225,310.561,1.387979
1008,0.663685,-0.140885,336.357,311.209,1.369654
1009,0.659681,-0.143335,336.501,311.857,1.352748
1010,0.659728,-0.179595,336.655,312.498,1.335548
1011,0.661298,-0.209548,336.822,313.136,1.313997
1012,0.666205,-0.162940,337.006,313.772,1.288851
1013,0.670916,-0.123158,337.204,314.408,1.269298
1014,0.671275,-0.194368,337.413,315.045,1.254519
1015,0.673801,-0.121935,337.636,315.678,1.231195
1016,0.677637,-0.110279,337.870,316.310,1.216563
1017,0.680570,-0.056029,338.114,316.943,1.203329
1018,0.686153,-0.088688,338.362,317.576,1.196606
1019,0.688182,-0.102588,338.620,318.212,1.185964
1020,0.692691,-0.099689,338.886,318.847,1.173653
1021,0.695708,-0.139648,339.162,319.482,1.161690
1022,0.695575,-0.053925,339.449,320.116,1.144933
1023,0.698429,0.030443,339.741,320.747,1.138462
1024,0.701996,0.070916,340.031,321.383,1.142115
1025,0.700526,0.014748,340.317,322.024,1.150625
1026,0.700280,0.011303,340.602,322.664,1.152394
1027,0.696482,0.032559,340.885,323.304,1.153751
1028,0.702987,-0.016266,341.165,323.942,1.157658
1029,0.711016,0.034089,341.449,324.585,1.155706
1030,0.709796,0.033739,341.733,325.237,1.159796
1031,0.710794,-0.070378,342.014,325.889,1.163845
1032,0.715026,-0.030188,342.300,326.539,1.155400
1033,0.719231,-0.025618,342.591,327.192,1.151777
1034,0.721926,-0.102068,342.886,327.848,1.148703
1035,0.717378,-0.065624,343.190,328.503,1.136455
1036,0.717100,-0.068999,343.497,329.152,1.128580
1037,0.714493,-0.021374,343.809,329.797,1.120300
1038,0.707298,-0.032611,344.122,330.440,1.117735
1039,0.703847,-0.030837,344.434,331.074,1.113822
1040,0.706316,-0.103028,344.747,331.705,1.110122
1041,0.711699,-0.158224,345.069,332.334,1.097758
1042,0.711501,-0.155696,345.405,332.961,1.078771
1043,0.706049,-0.082277,345.753,333.582,1.060088
1044,0.702020,-0.080433,346.104,334.194,1.050215
1045,0.704264,-0.082859,346.459,334.800,1.040563
1046,0.710868,-0.077605,346.821,335.404,1.030619
1047,0.706281,0.009813,347.192,336.010,1.021307
1048,0.699294,0.049312,347.560,336.613,1.022484
1049,0.700155,0.006706,347.921,337.212,1.028402
1050,0.701362,0.082484,348.282,337.812,1.029207
1051,0.693524,0.081306,348.638,338.416,1.039105
1052,0.694649,0.040886,348.984,339.017,1.048861
1053,0.694470,-0.039516,349.327,339.621,1.053768
1054,0.689332,-0.051523,349.673,340.223,1.049026
1055,0.687996,0.029769,350.020,340.819,1.042843
1056,0.690081,-0.000550,350.365,341.414,1.046415
1057,0.694616,-0.040275,350.710,342.012,1.046349
1058,0.690970,-0.119336,351.061,342.611,1.041516
1059,0.685603,-0.091065,351.418,343.202,1.027196
1060,0.690699,-0.096417,351.779,343.785,1.016268
1061,0.692369,-0.018040,352.150,344.368,1.004698
1062,0.693665,-0.003547,352.523,344.952,1.002533
1063,0.691209,0.075764,352.896,345.536,1.002108
1064,0.696574,0.025209,353.263,346.122,1.011199
1065,0.696144,0.013053,353.631,346.714,1.014224
1066,0.692403,-0.041633,353.998,347.305,1.015791
1067,0.698356,-0.045656,354.366,347.892,1.010795
1068,0.693402,0.004454,354.740,348.481,1.005316
1069,0.700617,-0.034003,355.111,349.067,1.005851
1070,0.702737,-0.045679,355.489,349.657,1.001770
1071,0.697883,-0.053443,355.870,350.247,0.996289
1072,0.696022,-0.051397,356.253,350.831,0.989876
1073,0.697478,-0.023818,356.639,351.410,0.983708
1074,0.698636,-0.017434,357.027,351.990,0.980850
1075,0.696958,0.059425,357.417,352.569,0.978758
1076,0.690090,0.055137,357.802,353.151,0.985889
1077,0.680781,0.040473,358.179,353.728,0.992506
1078,0.677575,0.083213,358.548,354.300,0.997362
1079,0.675912,0.068429,358.910,354.873,1.007348
1080,0.677711,-0.061570,359.266,355.448,1.015559
1081,0.680662,-0.059594,359.628,356.021,1.008171
1082,0.683312,-0.056063,359.995,356.594,1.001019
1083,0.687928,-0.017182,360.368,357.167,0.994292
1084,0.683910,0.028527,360.744,357.743,0.992230
1085,0.687936,0.021907,361.116,358.317,0.995653
1086,0.688706,0.058341,361.488,358.895,0.998282
1087,0.691643,0.058189,361.858,359.476,1.005283
1088,0.699227,0.090664,362.224,360.063,1.012266
1089,0.697594,0.041954,362.588,360.660,1.023146
1090,0.694689,-0.012434,362.948,361.257,1.028180
1091,0.693333,-0.020377,363.308,361.852,1.026688
1092,0.693289,-0.015464,363.668,362.444,1.024243
1093,0.696422,-0.108312,364.030,363.036,1.022387
1094,0.700650,-0.039677,364.400,363.625,1.009390
1095,0.694358,0.001400,364.776,364.216,1.004628
1096,0.701343,0.009596,365.149,364.802,1.004796
1097,0.706629,0.043148,365.524,365.395,1.005948
1098,0.704269,0.043920,365.899,365.994,1.011126
1099,0.705574,0.036229,366.270,366.592,1.016396
1100,0.714877,0.034868,366.639,367.194,1.020744
1101,0.713494,0.037283,367.010,367.805,1.024928
1102,0.707968,-0.003213,367.378,368.416,1.029402
1103,0.707179,-0.002020,367.743,369.023,1.029016
1104,0.709196,-0.050004,368.108,369.629,1.028774
1105,0.703824,-0.067638,368.477,370.234,1.022773
1106,0.697344,-0.027775,368.849,370.832,1.014657
1107,0.695882,0.000442,369.219,371.423,1.011324
1108,0.694136,-0.008256,369.588,372.013,1.011377
1109,0.693120,0.017154,369.957,372.601,1.010386
1110,0.688484,0.087284,370.324,373.189,1.012444
1111,0.685537,0.117321,370.683,373.776,1.022919
1112,0.687101,0.138967,371.032,374.366,1.036997
1113,0.686582,0.085417,371.371,374.964,1.053673
1114,0.691584,0.075716,371.705,375.564,1.063923
1115,0.696308,0.069524,372.035,376.172,1.073009
1116,0.699304,-0.055251,372.362,376.786,1.081352
1117,0.699032,0.055303,372.695,377.401,1.074722
1118,0.700431,0.052006,373.024,378.018,1.081358
1119,0.700498,-0.038503,373.349,378.638,1.087599
1120,0.690766,0.001883,373.677,379.257,1.082979
1121,0.692265,-0.041975,374.001,379.867,1.083205
1122,0.690516,-0.032317,374.328,380.477,1.078168
1123,0.688816,-0.071358,374.657,381.085,1.074290
1124,0.697812,-0.072904,374.991,381.687,1.065727
1125,0.694184,-0.154614,375.334,382.295,1.056978
1126,0.695131,-0.177075,375.686,382.893,1.038424
1127,0.692295,-0.135543,376.051,383.484,1.017175
1128,0.697335,-0.131139,376.425,384.067,1.000910
1129,0.701653,-0.254832,376.810,384.648,0.985173
1130,0.701775,-0.247763,377.216,385.221,0.954594
1131,0.704366,-0.171091,377.638,385.781,0.924862
1132,0.703458,-0.155366,378.074,386.335,0.904331
1133,0.704855,-0.066527,378.519,386.880,0.885687
1134,0.703883,-0.057449,378.969,387.422,0.877704
1135,0.701269,-0.051935,379.423,387.960,0.870810
1136,0.702969,-0.027510,379.878,388.494,0.864578
1137,0.707810,-0.030057,380.336,389.027,0.861277
1138,0.705376,-0.027582,380.799,389.563,0.857670
1139,0.707769,-0.081275,381.262,390.000,-0.831549
1140,0.706528,-0.076320,381.734,389.472,-0.841302
1141,0.702335,-0.089465,382.200,388.941,-0.850460
1142,0.704526,-0.044561,382.657,388.409,-0.861196
1143,0.700890,-0.043053,383.114,387.872,-0.866543
1144,0.703451,-0.118698,383.565,387.335,-0.871710
1145,0.707922,-0.052438,384.010,386.790,-0.885953
1146,0.707362,-0.060425,384.454,386.239,-0.892246
1147,0.695538,-0.059034,384.894,385.685,-0.899497
1148,0.694707,-0.014400,385.323,385.138,-0.906581
1149,0.690847,-0.017800,385.750,384.590,-0.908309
1150,0.687485,0.020240,386.174,384.044,-0.910445
1151,0.681938,-0.026385,386.597,383.502,-0.908016
1152,0.684117,0.002706,387.015,382.963,-0.911183
1153,0.682934,0.045847,387.434,382.423,-0.910858
1154,0.683154,0.129619,387.856,381.886,-0.905356
1155,0.677204,0.121807,388.286,381.355,-0.889802
1156,0.681285,0.065982,388.720,380.835,-0.875185
1157,0.677866,0.134935,389.160,380.316,-0.867267
1158,0.677628,0.102072,389.607,379.806,-0.851075
1159,0.677592,0.079339,390.000,379.302,-2.289859
1160,0.681117,0.063176,389.559,378.788,-2.280338
1161,0.688769,0.099252,389.119,378.268,-2.272757
1162,0.685120,0.048859,388.680,377.736,-2.260847
1163,0.691827,0.032679,388.247,377.206,-2.254984
1164,0.690747,0.024975,387.812,376.668,-2.251062
1165,0.694312,-0.014430,387.379,376.129,-2.248065
1166,0.694342,-0.090991,386.943,375.589,-2.249797
1167,0.700869,-0.139561,386.501,375.054,-2.260716
1168,0.692414,-0.216216,386.046,374.521,-2.277463
1169,0.697356,-0.208153,385.583,374.006,-2.303409
1170,0.694986,-0.160261,385.104,373.499,-2.328387
1171,0.694887,-0.195792,384.617,373.004,-2.347619
1172,0.693427,-0.187215,384.118,372.520,-2.371114
1173,0.690583,-0.172049,383.610,372.048,-2.393580
1174,0.694091,-0.137708,383.094,371.589,-2.414226
1175,0.691984,-0.128766,382.568,371.136,-2.430751
1176,0.693981,-0.086465,382.037,370.692,-2.446202
1177,0.688699,-0.045686,381.499,370.253,-2.456578
1178,0.683377,-0.041221,380.963,369.821,-2.462061
1179,0.685590,-0.048012,380.430,369.394,-2.467007
1180,0.684816,0.070131,379.892,368.969,-2.472768
1181,0.677423,0.075002,379.358,368.540,-2.464353
1182,0.685683,0.062245,378.834,368.110,-2.455353
1183,0.687884,0.099682,378.307,367.672,-2.447883
1184,0.684591,0.091368,377.783,367.226,-2.435921
1185,0.685197,-0.034430,377.267,366.776,-2.424957
1186,0.685440,-0.041457,376.749,366.328,-2.429089
1187,0.688954,-0.008700,376.228,365.883,-2.434064
1188,0.696555,-0.002212,375.704,365.435,-2.435107
1189,0.695166,-0.004869,375.174,364.983,-2.435373
1190,0.695401,0.002007,374.645,364.533,-2.435957
1191,0.697749,0.040847,374.115,364.081,-2.435716
1192,0.701205,0.086052,373.587,363.626,-2.430815
1193,0.701155,0.084468,373.060,363.163,-2.420488
1194,0.701721,0.069758,372.538,362.695,-2.410352
1195,0.705521,-0.017843,372.020,362.222,-2.401981
1196,0.708257,-0.030179,371.497,361.748,-2.404123
1197,0.702842,-0.048737,370.971,361.273,-2.407744
1198,0.705696,-0.016645,370.447,360.806,-2.413593
1199,0.704379,0.022139,369.919,360.337,-2.415590
1200,0.708964,0.067378,369.394,359.868,-2.412933
1201,0.705354,0.070085,368.868,359.392,-2.404848
1202,0.704924,0.024623,368.350,358.914,-2.396438
1203,0.700283,0.061538,367.833,358.434,-2.393483
1204,0.702097,0.095770,367.324,357.954,-2.386098
1205,0.702412,0.014003,366.818,357.467,-2.374606
1206,0.705521,-0.068765,366.313,356.978,-2.372926
1207,0.709127,-0.044628,365.802,356.492,-2.381178
1208,0.706630,-0.083673,365.286,356.006,-2.386533
1209,0.708007,-0.097203,364.766,355.527,-2.396574
1210,0.703583,-0.017633,364.240,355.053,-2.408238
1211,0.706120,-0.060514,363.716,354.583,-2.410354
1212,0.707591,-0.067993,363.187,354.115,-2.417616
1213,0.707446,-0.066666,362.653,353.651,-2.425775
1214,0.711390,-0.140195,362.116,353.191,-2.433775
1215,0.700197,-0.141748,361.568,352.738,-2.450598
1216,0.698846,-0.102109,361.021,352.301,-2.467608
1217,0.694226,0.016650,360.469,351.871,-2.479861
1218,0.692146,-0.016283,359.922,351.444,-2.477863
1219,0.695921,-0.013238,359.376,351.018,-2.479817
1220,0.698478,-0.016327,358.827,350.592,-2.481405
1221,0.701389,-0.055937,358.274,350.164,-2.483365
1222,0.695380,-0.053259,357.716,349.739,-2.490077
1223,0.695296,-0.092545,357.161,349.321,-2.496468
1224,0.686443,-0.134135,356.601,348.909,-2.507574
1225,0.686239,-0.116010,356.041,348.511,-2.523670
1226,0.694737,-0.068667,355.476,348.122,-2.537591
1227,0.693200,-0.028631,354.901,347.732,-2.545831
1228,0.686275,-0.025668,354.326,347.345,-2.549267
1229,0.685640,0.015313,353.756,346.963,-2.552347
1230,0.687621,0.016916,353.186,346.581,-2.550509
1231,0.693007,0.013755,352.616,346.197,-2.548480
1232,0.691284,0.052348,352.042,345.809,-2.546829
1233,0.686091,0.084003,351.472,345.418,-2.540547
1234,0.682175,0.121813,350.910,345.024,-2.530467
1235,0.684747,0.021651,350.357,344.624,-2.515849
1236,0.690673,0.052426,349.803,344.222,-2.513251
1237,0.694534,0.002098,349.247,343.812,-2.506960
1238,0.695765,-0.047669,348.688,343.401,-2.506708
1239,0.690325,-0.043062,348.125,342.991,-2.512428
1240,0.688589,-0.124810,347.565,342.588,-2.517596
1241,0.691703,-0.089056,347.000,342.194,-2.532573
1242,0.691544,-0.046411,346.429,341.804,-2.543260
1243,0.689163,-0.084259,345.855,341.418,-2.548829
1244,0.688421,-0.041991,345.280,341.039,-2.558940
1245,0.692057,-0.078566,344.703,340.663,-2.563979
1246,0.694510,-0.006972,344.120,340.290,-2.573407
1247,0.688391,0.002217,343.534,339.917,-2.574244
1248,0.684685,0.006612,342.954,339.547,-2.573978
1249,0.684921,-0.007908,342.376,339.179,-2.573184
1250,0.688590,-0.019029,341.799,338.810,-2.574133
1251,0.694868,-0.068977,341.217,338.442,-2.576417
1252,0.691936,-0.002521,340.628,338.074,-2.584694
1253,0.693069,0.006586,340.040,337.709,-2.584996
1254,0.697941,0.039195,339.452,337.342,-2.584206
1255,0.701345,0.034112,338.861,336.970,-2.579503
1256,0.699846,0.035879,338.269,336.594,-2.575409
1257,0.697263,0.070775,337.680,336.216,-2.571104
1258,0.698485,0.112339,337.097,335.834,-2.562611
1259,0.701135,0.100766,336.517,335.444,-2.549130
1260,0.702563,0.093293,335.940,335.046,-2.537038
1261,0.705079,0.082741,335.367,334.640,-2.525843
1262,0.710866,0.076585,334.795,334.227,-2.515914
1263,0.709227,0.153350,334.223,333.806,-2.506724
1264,0.711874,0.155399,333.660,333.375,-2.488322
1265,0.712355,0.066542,333.103,332.931,-2.469674
1266,0.716285,-0.021241,332.549,332.484,-2.461689
1267,0.715655,-0.046244,331.991,332.035,-2.464238
1268,0.717117,-0.039191,331.430,331.589,-2.469787
1269,0.712084,-0.089102,330.867,331.146,-2.474490
1270,0.711685,0.028443,330.303,330.711,-2.485182
1271,0.716444,0.072881,329.741,330.275,-2.481769
1272,0.718781,0.071878,329.179,329.831,-2.473023
1273,0.715845,0.062885,328.618,329.380,-2.464398
1274,0.713805,-0.069483,328.064,328.927,-2.456852
1275,0.707835,-0.074722,327.507,328.481,-2.465190
1276,0.711455,-0.077497,326.951,328.043,-2.474156
1277,0.704595,-0.122106,326.388,327.607,-2.483456
1278,0.706657,-0.154947,325.825,327.185,-2.498109
1279,0.701465,-0.246370,325.252,326.771,-2.516702
1280,0.696172,-0.237953,324.671,326.378,-2.546267
1281,0.681911,-0.242734,324.083,326.004,-2.574821
1282,0.686046,-0.193858,323.498,325.655,-2.603949
1283,0.680644,-0.067071,322.901,325.317,-2.627212
1284,0.684723,-0.138362,322.305,324.987,-2.635261
1285,0.682012,-0.113780,321.701,324.665,-2.651864
1286,0.678638,-0.099854,321.095,324.353,-2.665518
1287,0.675272,-0.089625,320.488,324.049,-2.677500
1288,0.678587,-0.061606,319.881,323.753,-2.688255
1289,0.682342,-0.071258,319.269,323.460,-2.695648
1290,0.682547,0.049477,318.651,323.171,-2.704199
1291,0.681446,0.081217,318.034,322.879,-2.698262
1292,0.680169,0.085799,317.421,322.580,-2.688516
1293,0.679674,0.037869,316.813,322.276,-2.678220
1294,0.681604,0.070618,316.206,321.970,-2.673676
1295,0.679141,-0.012153,315.601,321.657,-2.665201
1296,0.677057,0.061306,314.997,321.347,-2.666660
1297,0.680072,0.024308,314.397,321.033,-2.659303
1298,0.680724,0.025878,313.795,320.715,-2.656386
1299,0.681774,-0.061341,313.194,320.396,-2.653281
1300,0.689777,-0.071965,312.590,320.081,-2.660642
1301,0.693925,0.012608,311.975,319.767,-2.669278
1302,0.691431,0.017943,311.358,319.450,-2.667765
1303,0.691420,0.007666,310.743,319.133,-2.665611
1304,0.687092,0.039249,310.129,318.816,-2.664691
1305,0.685169,0.036899,309.520,318.498,-2.659982
1306,0.686025,0.022256,308.914,318.178,-2.655554
1307,0.685965,0.027652,308.309,317.856,-2.652883
1308,0.687217,0.029756,307.704,317.532,-2.649565
1309,0.683391,0.029270,307.099,317.205,-2.645994
1310,0.679810,-0.008057,306.499,316.878,-2.642482
1311,0.679832,-0.054385,305.902,316.553,-2.643449
1312,0.679858,-0.023011,305.303,316.232,-2.649975
1313,0.681957,0.043755,304.703,315.913,-2.652736
1314,0.688408,0.005427,304.102,315.589,-2.647486
1315,0.691580,-0.053997,303.496,315.262,-2.646834
1316,0.694029,-0.098270,302.886,314.938,-2.653314
1317,0.691106,-0.107349,302.269,314.620,-2.665106
1318,0.685324,-0.102707,301.651,314.311,-2.677988
1319,0.690157,-0.100433,301.034,314.012,-2.690313
1320,0.688786,-0.089088,300.409,313.718,-2.702365
1321,0.686734,-0.136128,299.783,313.432,-2.713056
1322,0.687982,-0.139903,299.154,313.157,-2.729391
1323,0.695369,-0.109897,298.519,312.892,-2.746179
1324,0.699065,-0.106697,297.874,312.632,-2.759367
1325,0.696388,-0.104510,297.222,312.380,-2.772171
1326,0.696448,-0.099309,296.569,312.137,-2.784712
1327,0.698239,-0.103874,295.914,311.901,-2.796629
1328,0.695325,-0.098277,295.254,311.673,-2.809094
1329,0.693362,-0.210544,294.594,311.454,-2.820887
1330,0.692814,-0.207645,293.931,311.252,-2.846152
1331,0.695522,-0.122205,293.263,311.067,-2.871070
1332,0.693669,-0.151034,292.590,310.891,-2.885734
1333,0.691613,-0.107200,291.916,310.728,-2.903858
1334,0.693789,-0.065409,291.242,310.574,-2.916722
1335,0.696204,-0.058207,290.564,310.424,-2.924571
1336,0.688210,-0.065204,289.883,310.279,-2.931556
1337,0.693983,-0.068028,289.209,310.141,-2.939381
1338,0.690898,-0.079673,288.528,310.007,-2.947544
1339,0.687744,-0.011005,287.849,309.880,-2.957105
1340,0.696365,-0.004414,287.173,309.755,-2.958425
1341,0.699051,-0.011162,286.488,309.628,-2.958955
1342,0.699927,-0.019725,285.800,309.502,-2.960295
1343,0.697489,0.123184,285.112,309.378,-2.962662
1344,0.697590,0.195658,284.427,309.244,-2.947879
1345,0.701132,0.183576,283.746,309.093,-2.924400
1346,0.699320,0.164908,283.065,308.927,-2.902371
1347,0.698825,0.107423,282.389,308.748,-2.882582
1348,0.697756,0.066855,281.716,308.560,-2.869692
1349,0.696283,0.090097,281.045,308.368,-2.861669
1350,0.702320,0.134793,280.378,308.168,-2.850857
1351,0.699570,0.093373,279.709,307.956,-2.834682
1352,0.696457,0.162457,279.044,307.737,-2.823477
1353,0.693153,0.069758,278.387,307.506,-2.803983
1354,0.693221,0.081899,277.735,307.271,-2.795612
1355,0.696003,0.162578,277.085,307.030,-2.785784
1356,0.697034,0.085155,276.437,306.775,-2.766274
1357,0.702943,0.043766,275.792,306.512,-2.756056
1358,0.703333,0.000600,275.142,306.245,-2.750804
1359,0.701326,0.035916,274.491,305.977,-2.750732
1360,0.698312,-0.056627,273.844,305.707,-2.746422
1361,0.692864,-0.114306,273.198,305.442,-2.753217
1362,0.693347,-0.099936,272.553,305.189,-2.766934
1363,0.697451,-0.098152,271.905,304.943,-2.778926
1364,0.702666,-0.137229,271.250,304.703,-2.790704
1365,0.703258,-0.142331,270.586,304.472,-2.807172
1366,0.701614,-0.135797,269.918,304.253,-2.824252
1367,0.694214,-0.129831,269.248,304.045,-2.840547
1368,0.691789,-0.171637,268.582,303.849,-2.856127
1369,0.689884,-0.166579,267.914,303.668,-2.876723
1370,0.686984,-0.126456,267.245,303.501,-2.896713
1371,0.691336,-0.072795,266.576,303.345,-2.911888
1372,0.694837,-0.066207,265.901,303.193,-2.920623
1373,0.705206,-0.088021,265.222,303.046,-2.928568
1374,0.703103,-0.036926,264.531,302.904,-2.939131
1375,0.698238,-0.073859,263.842,302.766,-2.943562
1376,0.697069,-0.118909,263.156,302.635,-2.952425
1377,0.694058,0.027658,262.470,302.514,-2.966694
1378,0.688889,0.061914,261.787,302.390,-2.963375
1379,0.690005,0.102033,261.110,302.263,-2.955945
1380,0.693022,-0.018202,260.433,302.128,-2.943701
1381,0.699248,-0.003661,259.753,301.993,-2.945886
1382,0.696441,0.046549,259.067,301.857,-2.946325
1383,0.695291,-0.036821,258.385,301.718,-2.940739
1384,0.700081,-0.002734,257.703,301.583,-2.945157
1385,0.702361,-0.004983,257.016,301.446,-2.945486
1386,0.701468,-0.005760,256.327,301.310,-2.946084
1387,0.701644,0.026220,255.639,301.174,-2.946775
1388,0.708244,-0.025687,254.951,301.036,-2.943628
1389,0.708309,-0.065840,254.256,300.899,-2.946711
1390,0.708789,-0.068251,253.560,300.767,-2.954612
1391,0.709675,-0.021764,252.863,300.641,-2.962802
1392,0.710333,0.052625,252.164,300.517,-2.965414
1393,0.712488,0.054137,251.466,300.388,-2.959099
1394,0.714798,0.078188,250.766,300.254,-2.952602
1395,0.714838,0.102938,250.065,300.113,-2.943220
1396,0.713262,0.063841,249.366,299.963,-2.930867
1397,0.717077,0.043473,248.670,299.809,-2.923206
1398,0.717653,0.040121,247.971,299.650,-2.917989
1399,0.712990,0.030488,247.272,299.487,-2.913175
1400,0.711942,-0.088127,246.578,299.323,-2.909516
1401,0.713236,-0.059290,245.883,299.167,-2.920092
1402,0.706392,-0.019271,245.186,299.015,-2.927206
1403,0.706102,-0.014462,244.496,298.867,-2.929519
1404,0.703134,0.026590,243.805,298.719,-2.931254
1405,0.704590,0.023270,243.118,298.570,-2.928064
1406,0.706427,-0.022585,242.430,298.419,-2.925271
1407,0.693197,0.051736,241.739,298.269,-2.927981
1408,0.694549,0.055528,241.063,298.118,-2.921773
1409,0.693856,0.040407,240.386,297.962,-2.915110
1410,0.691501,0.036692,239.711,297.803,-2.910261
1411,0.690929,0.026658,239.038,297.642,-2.905858
1412,0.692337,-0.015422,238.367,297.478,-2.902659
1413,0.694669,-0.027412,237.694,297.315,-2.904510
1414,0.698878,-0.028464,237.018,297.154,-2.907799
1415,0.700339,0.016302,236.338,296.995,-2.911215
1416,0.697550,-0.060491,235.656,296.834,-2.909259
1417,0.698747,-0.098633,234.976,296.678,-2.916518
1418,0.689595,-0.095576,234.293,296.530,-2.928353
1419,0.684955,-0.086659,233.618,296.392,-2.939823
1420,0.686855,-0.123055,232.945,296.262,-2.950222
1421,0.692519,-0.120518,232.269,296.141,-2.964988
1422,0.693175,-0.115317,231.586,296.029,-2.979450
1423,0.686055,-0.155539,230.900,295.927,-2.993289
1424,0.686668,-0.152814,230.220,295.838,-3.011953
1425,0.681200,-0.149467,229.538,295.762,-3.030291
1426,0.683429,-0.106529,228.859,295.698,-3.048227
1427,0.679244,-0.093510,228.178,295.643,-3.061010
1428,0.671534,-0.094683,227.500,295.596,-3.072232
1429,0.672521,-0.043728,226.830,295.557,-3.083594
1430,0.675126,-0.043794,226.158,295.522,-3.088841
1431,0.673905,-0.129621,225.484,295.490,-3.094096
1432,0.673049,-0.123102,224.811,295.468,-3.109651
1433,0.677432,-0.080289,224.138,295.457,-3.124423
1434,0.678118,0.000351,223.460,295.452,-3.134058
1435,0.674846,0.018443,222.782,295.446,-3.134016
1436,0.672470,0.013343,222.107,295.440,-3.131802
1437,0.671870,-0.040220,221.435,295.432,-3.130201
1438,0.665846,-0.042833,220.763,295.428,-3.135028
1439,0.670768,0.024293,220.097,295.427,-3.140168
1440,0.664784,0.132609,219.426,295.424,-3.137252
1441,0.669718,0.246228,218.762,295.410,-3.121339
1442,0.671018,0.239379,218.093,295.377,-3.091792
1443,0.679815,0.233473,217.424,295.324,-3.063067
1444,0.686629,0.213208,216.748,295.252,-3.035050
1445,0.691680,0.166577,216.067,295.162,-3.009465
1446,0.695204,0.162563,215.384,295.057,-2.989476
1447,0.702056,0.041512,214.699,294.938,-2.969968
1448,0.706847,-0.008636,214.007,294.815,-2.964987
1449,0.708332,-0.012128,213.312,294.691,-2.966023
1450,0.707334,-0.054971,212.614,294.569,-2.967478
1451,0.709659,-0.131346,211.916,294.451,-2.974075
1452,0.708614,-0.127058,211.215,294.343,-2.989836
1453,0.707145,-0.140660,210.513,294.247,-3.005083
1454,0.705794,-0.137946,209.811,294.163,-3.021963
1455,0.709178,-0.178322,209.109,294.090,-3.038516
1456,0.714266,-0.142673,208.402,294.032,-3.059915
1457,0.710995,-0.091660,207.689,293.986,-3.077035
1458,0.700572,-0.077336,206.979,293.948,-3.088035
1459,0.703109,-0.079507,206.279,293.917,-3.097315
1460,0.700730,-0.035412,205.577,293.892,-3.106856
1461,0.697364,-0.068146,204.876,293.871,-3.111105
1462,0.696731,-0.015193,204.179,293.856,-3.119283
1463,0.701542,-0.057122,203.482,293.841,-3.121106
1464,0.701124,-0.011938,202.781,293.832,-3.127961
1465,0.700968,-0.014031,202.080,293.823,-3.129393
1466,0.702944,-0.010761,201.379,293.816,-3.131077
1467,0.702888,-0.015171,200.676,293.809,-3.132368
1468,0.704933,-0.052224,199.973,293.804,-3.134189
1469,0.706250,-0.053881,199.268,293.803,-3.140456
1470,0.702384,-0.096276,198.562,293.807,3.136264
1471,0.699633,-0.084913,197.860,293.819,3.124711
1472,0.696916,-0.013585,197.160,293.838,3.114521
1473,0.700800,0.019333,196.464,293.858,3.112891
1474,0.695969,-0.059027,195.763,293.876,3.115211
1475,0.688420,-0.025192,195.068,293.900,3.108128
1476,0.696625,-0.037470,194.380,293.925,3.105105
1477,0.692801,-0.044398,193.684,293.953,3.100608
1478,0.689450,-0.048080,192.992,293.985,3.095281
1479,0.694925,-0.007526,192.303,294.021,3.089511
1480,0.695160,-0.006503,191.609,294.058,3.088608
1481,0.688868,0.035882,190.915,294.095,3.087827
1482,0.686869,0.063010,190.227,294.129,3.092133
1483,0.681057,0.091698,189.541,294.158,3.099694
1484,0.684977,0.083348,188.860,294.179,3.110698
1485,0.688546,0.022580,188.175,294.194,3.120700
1486,0.691756,-0.013866,187.487,294.206,3.123409
1487,0.690420,0.053572,186.795,294.220,3.121746
1488,0.690359,0.135028,186.105,294.229,3.128174
1489,0.684795,0.135834,185.414,294.227,-3.138808
1490,0.690163,0.068962,184.730,294.214,-3.122508
1491,0.692020,0.065445,184.040,294.195,-3.114232
1492,0.692739,-0.026541,183.348,294.171,-3.106379
1493,0.690443,-0.073343,182.656,294.149,-3.109564
1494,0.683573,-0.076316,181.965,294.133,-3.118365
1495,0.679573,-0.123276,181.282,294.123,-3.127523
1496,0.684551,-0.123809,180.602,294.124,3.140869
1497,0.679391,-0.084421,179.918,294.134,3.126012
1498,0.673049,-0.075659,179.239,294.152,3.115882
1499,0.675075,-0.162181,178.566,294.175,3.106803
